Model,Accuracy,AUC,Precision,Recall,F1,MCC
Logistic Regression,0.9824561403508771,0.9953703703703703,0.9824561403508771,0.9824561403508771,0.9824561403508771,0.9623015873015873
Decision Tree,0.9122807017543859,0.9156746031746031,0.9160721496836722,0.9122807017543859,0.9130211893369787,0.8174119974927639
K-Nearest Neighbors,0.956140350877193,0.9788359788359788,0.9560729421281235,0.956140350877193,0.9560273762928302,0.9054466190452621
Naive Bayes,0.9298245614035088,0.9867724867724867,0.9298245614035088,0.9298245614035088,0.9298245614035088,0.8492063492063492
Random Forest,0.956140350877193,0.9938822751322751,0.9560729421281235,0.956140350877193,0.9560273762928302,0.9054466190452621
XGBoost,0.956140350877193,0.9900793650793651,0.9568690958164642,0.956140350877193,0.9557756825927252,0.9058238738943076
